,uav1_x,uav1_y,uav1_z,uav2_x,uav2_y,uav2_z,uav3_x,uav3_y,uav3_z,uav4_x,uav4_y,uav4_z,uav5_x,uav5_y,uav5_z,uav6_x,uav6_y,uav6_z,uav7_x,uav7_y,uav7_z,uav8_x,uav8_y,uav8_z,uav9_x,uav9_y,uav9_z
22,-1.0780691622756948,-1.1082639883086067,29.717033161668688,10.72418631540227,-0.754449536440634,29.93086107954475,7.481121894578154,7.5009848428178145,29.964983268475862,-0.3613199486487153,10.307373043774787,30.02146216394955,-7.1904289113242,7.159973168423483,30.043260683281073,-10.044428171404743,-0.026838474751175442,30.046405853101387,-7.108721574692747,-7.08320891551788,30.307588691242728,-0.026358905443124428,-10.01053629606137,30.06621300977145,7.037169322933923,-7.0867816316266365,30.0594877707627
23,-1.1593348922791824,-1.1967571644804178,29.701917543993325,10.82848138427556,-0.8557412101130921,29.92052326568121,7.5144061852698805,7.534611430528782,29.95957364793133,-0.394432452646961,10.339228311716132,30.018333305666033,-7.202951675189513,7.172750207481684,30.03838016357054,-10.05358234574414,-0.035745685453104,30.044061590181713,-7.108710796803772,-7.083525387181454,30.317465398780516,-0.02671644769688797,-10.010661864337068,30.0671907726859,7.036527798465495,-7.086658938526704,30.06006637230942
24,-2.7053235855710014,-2.598159730199061,29.674079276436252,13.759730231817095,-3.544194990155846,29.778024788350486,9.979961141524836,10.108235524093576,29.81751654767395,-2.9137485473954112,12.714967097892185,29.8160532014911,-9.14065059574799,8.710474035036336,29.889658309411626,-11.595716822736959,-1.293976414244492,29.91626675965233,-7.616125149077697,-7.603854215393515,31.547898711888074,-0.8243000737886661,-10.885607437151423,29.979760911757552,7.812205148921301,-7.845071668897743,29.983487432219945
25,-4.442584774534648,-4.3091788718877,29.670879917046737,17.006715775157257,-5.726659494029216,29.83401067141678,13.35723049168457,13.48474208223197,29.76211661490231,-5.958307649433198,16.788161680564478,29.74462382831836,-12.906252611605202,9.80439872284873,29.809841268442476,-15.309938391824593,-2.057983874363466,29.795910817924685,-8.746148468110372,-8.712373041680463,32.7901975031152,-1.7322587263699203,-13.835603978714635,29.868182018993483,9.248254762847813,-10.71363273268982,29.84997162290761
26,-7.540971950175698,-7.068722858504068,29.596851579167026,19.249682247794105,-7.457739183022308,29.976256763449854,15.67478244214676,15.594533291799557,29.943610740978137,-7.860276078285256,19.719597723615486,30.001634050636383,-17.097391604655865,10.989477865308851,29.906273335485604,-19.591590697932876,-2.887395240181457,29.892594982622356,-10.17641501261406,-10.217726546326716,32.8302471760526,-2.663718405212474,-18.29814381393237,29.865600369618896,10.324193843422638,-15.125107841290395,29.893637584473176
27,-10.63360174933696,-9.92328692916056,29.67800226601019,21.171139885589703,-9.102073144697234,29.976946353246795,17.62091165890568,17.608924945469866,29.982967544181506,-9.75938347556905,22.206794978843536,29.993464190332702,-19.431191237467626,12.111847147539224,30.019251766678355,-21.96107037471432,-3.562375928111688,30.03652579447299,-11.776131385719454,-11.64615996530047,31.762373013739314,-3.490509570129546,-21.215070743895705,29.99625745291145,11.225984845033317,-17.791563732485994,30.04029532349202
28,-12.143272889492017,-11.334794852624908,29.890063470276452,23.48516984726009,-10.904159173936307,29.95396249202372,19.866599281982914,19.883212503144488,29.969738615498127,-11.837925559122995,24.611348392349605,29.987103479619453,-22.15699291679464,13.121218168154355,29.98678177126838,-24.722543111864322,-4.509357414405314,29.979775496127864,-13.462237373945277,-13.342858516777172,31.00357735247958,-4.369513672725805,-23.978745809318582,30.017365850306955,12.38524401982709,-20.441900384021576,30.017795054836093
29,-13.271502587652218,-12.817437549252796,29.878302422937754,25.861964141704227,-12.829102536324136,29.930581996429172,22.280484864559092,22.29239870662746,29.942155179316032,-13.937719252312071,27.240943482782093,29.99664253553331,-25.054438713631033,14.290568820942806,29.965141631002957,-27.44551125544402,-5.377170474709835,29.990012057153102,-14.868922906366905,-14.838577731545938,31.46748297417672,-5.210940874949349,-26.716575719090148,30.00295137685727,13.520338241349528,-23.21249121112495,29.977114687731376
30,-14.446694397520792,-14.108477618274389,29.874113603941556,27.92269673179591,-14.494672092040027,29.960632409481917,24.34400483462635,24.34318602938679,29.95656886179895,-15.838864630185077,29.620588000689917,29.987122602665824,-27.57600494741555,15.322367395090394,29.983569389114038,-29.918161796352948,-6.125695768051846,29.984055952464143,-16.559474374243816,-16.542110249189797,32.62721368918185,-6.000454314096727,-29.33650886849717,30.004463177989724,14.51443864104575,-25.698787128494978,30.01578085279736
31,-15.871626617754577,-15.362940728784539,29.895636180852158,30.133092587156813,-16.26572303015995,29.94265124902805,26.560998188576384,26.57911023344173,29.95499738373486,-17.893908027844017,32.12899705976887,29.964683349599273,-30.25103770565177,16.40596231759474,29.97450410377099,-32.702563022847386,-7.012446306999872,29.94659272561894,-18.42566305151044,-18.505674687125115,32.97733978734507,-6.823896766251002,-31.99767674894626,29.991287654779132,15.6429201650152,-28.39078707597529,29.973330805490647
32,-17.512155846275196,-16.544931040949415,29.910264842250783,32.44157533009336,-18.11954630382671,29.945261197284736,28.82024817711155,28.8438779962,29.959867735512255,-19.97678501925428,34.73334661828183,29.95970369403281,-33.08634465081454,17.55042669827535,29.955843257137325,-35.5045706323204,-7.872863726623489,29.962518389796124,-20.54133939485551,-20.607438685721114,32.09558968530413,-7.675000065239919,-34.735679292739555,29.975196310032004,16.72593635096969,-31.114648556085474,29.9747728773467
33,-19.746039859031935,-18.30129961189181,29.895673673586966,34.53552267592691,-19.807342917608093,29.969180941694702,30.929833226285403,30.962919578115905,29.951971403276687,-21.852868456550038,37.0709549828996,29.982798475700893,-35.613915221717974,18.567000955723636,29.9626894067892,-38.209231177201275,-8.699401288055336,29.977425519334094,-24.089343255576413,-24.020107677710662,30.375930868454162,-8.484865607906512,-37.44027382368709,29.98542140161205,17.715831321309405,-33.56148122552446,29.993140189917625
34,-23.331356946970416,-21.038104824807746,29.8663832317655,36.73774394635919,-21.650889787285024,29.972458210792595,33.2469818376726,33.26870537859689,29.948197452491197,-23.96004088872422,39.57960292060342,29.97229521905759,-38.29829442315753,19.665554138344604,29.9689261075657,-40.84127067063866,-9.499736983972772,29.962178886319563,-28.55456734992765,-28.38074163250688,29.417862356183715,-9.34829761999737,-40.14823796953875,29.988910926952173,18.77218297812274,-36.17934505628218,29.990695875506404
35,-25.339883616689736,-21.825841688933412,30.06638472196992,38.672765494203006,-23.544388646438268,29.99044944735574,35.17357463395694,35.17992764413204,29.97716949095305,-25.025636834556238,42.043020884697846,30.01553370806584,-40.713429510489505,20.659556009759985,29.966573882269373,-43.31285991821001,-10.285488712143597,29.964597371653653,-31.347767060098437,-31.172293338692644,29.91743412569555,-10.106200507858242,-42.59629734710443,30.003854466905757,19.71467405244228,-38.53728196936008,29.98698065464628
36,-25.12630371975961,-20.275012012990377,30.071950719661633,40.7843551079601,-23.857214991324845,30.057031848539104,37.50011889969597,38.13388497299965,29.967679157314805,-25.14378815433735,45.418384056607366,29.97933537916993,-43.65590270646747,21.78763968927424,29.957745421465045,-46.18368446872147,-11.143814472195048,29.97596132753782,-33.21215332946494,-33.10366395077255,30.216918337777948,-10.988922032328515,-45.5428444893698,29.980143857417342,20.77892859702595,-41.170367305534604,29.966257214005907
37,-25.154326469414144,-17.682163376769918,29.99042728884338,40.993436217014924,-22.38251261090183,30.056217143629297,39.624182017367936,41.83460824513171,29.949031460908337,-25.024998563698446,48.27577840118151,30.00888892348916,-46.094737126570095,22.79570106561892,29.990829733912513,-48.828865825172876,-11.86696989138472,29.970099263373132,-34.781800139757664,-34.78324240523924,30.16223646412684,-11.73029592839223,-48.23984188044358,30.003189103013206,21.916261352406117,-44.07570958771921,29.986560142460803
38,-24.97162575663149,-14.934651707982264,29.967522060386205,41.057480848055135,-19.722052929519766,29.95388772616527,40.99194052524616,46.02804113029466,29.94133166116593,-25.05694149131513,51.504013981120394,29.980533585056573,-48.73017303084532,23.898411432222012,29.946237619024917,-51.23163904591683,-12.722582012189788,29.949943484440784,-36.881628900889275,-36.851549856820455,30.059014237565385,-12.595752218540225,-50.50459153813227,29.98449450962443,22.857856634791947,-46.22064333594158,30.00754439612472
39,-25.036791731827492,-12.104901504053377,29.999134120136436,41.0138300269782,-16.83320742910623,29.953108531989177,41.04913204165309,50.084193600654714,30.013239480132462,-25.047277588831783,54.4984979098016,29.98802190634631,-51.44005732926721,24.975621808342876,29.943327866289998,-53.929707564698695,-13.575266676629674,29.9421697444492,-38.796797008032776,-38.78407704089891,30.04265638795589,-13.340266500550532,-53.23378535861238,29.965704460632878,24.01127285264707,-48.994014563727916,29.951823948957962
40,-25.03099550606167,-9.067599353745198,30.020596403449634,41.02074099212388,-13.79843587269005,30.002868375365722,41.00162940944132,54.619765366203595,30.004928738574716,-25.04665800946301,57.91995323594637,29.983956195741975,-54.22971267418405,26.100274961804395,29.9880287856292,-56.779757598032305,-14.437276273105567,29.967219114368113,-40.83293049696593,-40.82616449510555,30.039588727606752,-14.263287824885152,-56.17928893119944,29.96698299652816,25.09392958526178,-51.76214891216685,30.010210309322275
41,-25.0268575365198,-6.597935632036706,30.025889803967598,41.03248387540437,-11.308345525714026,30.015752418290358,41.02960898306565,58.66825115940294,30.000119356245857,-25.03073086944465,60.61698303303171,30.037148093130824,-56.59482009407732,27.10150721731946,30.00265867721321,-59.16162590095977,-15.138678523888178,29.982136986042306,-42.65491578994766,-42.6226471528321,30.049379841902628,-15.006848231316221,-58.44313347782694,29.988197261492655,26.01973005083371,-54.067401967193135,30.0073098166371
42,-25.04677768145428,-3.6795389155081173,29.983608001352902,41.01942991279307,-8.456299912456297,29.992749560273953,41.019806954435396,62.69292983984907,30.02846645729545,-25.044281868435775,63.907463040575266,29.98436071534754,-59.331361651387866,28.163441911189544,29.96088743748336,-61.88036768012089,-16.017009788808693,29.986363744743436,-44.64159685436171,-44.62594253972016,30.024857471288424,-15.812150259686463,-61.27984861021775,29.9598177956558,27.12439436125424,-56.7738401556414,29.98123794008938
43,-25.040886427187203,-0.7016128667139533,29.978759124218854,41.013098194175605,-5.406956605805965,29.98270342705743,41.02048732323746,66.70456432715444,30.00972494988513,-25.040861220703317,67.18549049375821,29.977532801410376,-62.150022237791156,29.319377743350017,29.972362612221797,-64.7538622513696,-16.883352775197192,29.965228825133295,-46.778403378466464,-46.775952863814666,30.033118867281136,-16.73875333894538,-64.12462635720688,29.95987615962376,28.236611387278238,-59.523566201582405,29.96544061917826
44,-25.039410172061075,2.0314382876736845,30.011440063410745,41.013433028652095,-2.616600485997527,30.027846886701507,41.01199961790868,70.64045838757323,30.049251058748983,-25.034253360133977,70.37795502720604,30.00819018556801,-64.84454561380814,30.419690372835614,30.01460088640083,-67.43942253482257,-17.702245191392596,29.997741306453513,-48.769438924481186,-48.7442887119264,30.064759727019613,-17.525953267335595,-66.68604145693418,30.000818085738484,29.319094576727423,-62.19220434353915,29.966668495137647
45,-25.038023196359738,4.834668240375924,30.01063072655683,41.015716688972766,-0.1074770686455749,30.025678364105435,41.02554540134433,73.95418295038932,30.02189616848951,-25.033735452765356,73.00670607055265,30.039275831181158,-67.2829489779895,31.414576017676712,29.98902024295537,-69.89802586355883,-18.46986214828987,29.993656613973673,-50.69654681647418,-50.663654981760686,30.04920366655199,-18.301018448045873,-69.22417092680647,29.996202781384966,30.303778507311396,-64.62563830728877,29.988060413240245
46,-25.038372982902573,7.6214155115337805,30.010040718456448,41.01543966787282,2.7588044927129487,29.997045489858387,40.99151125538458,77.831040553992,29.97755665956237,-25.050416349841655,76.32400648578854,29.99756326350773,-69.92031688175915,32.43235090158525,29.997095294929412,-72.63807996346537,-19.320932652336705,29.97964691179154,-52.60213552287612,-52.59788343956843,30.054452588503754,-19.116232299178677,-71.88054999616398,29.989516244401397,31.393093091594228,-67.31682359518122,29.996485570087685
47,-25.04000643399475,10.400496692176077,30.00687292516726,41.0034484256334,5.633153732292412,29.989776056391946,41.01241773217992,81.73900579894892,29.981765081585433,-25.044250544410446,79.40646565719994,30.003840541730977,-72.83796402426918,33.569190333676694,29.98390205427489,-75.44700801093063,-20.182457725146758,29.977705958818376,-54.70705514044355,-54.69384806081697,30.03719763690765,-19.97027558661777,-74.68586865691317,29.975235855757067,32.461799121335154,-69.94319091886034,29.99270096279032
48,-25.046110386922514,13.407043521375765,30.00454946823796,41.00987819420051,8.54629157280988,29.995129358177234,40.764940458231145,85.75164894720756,29.98417791151725,-25.042674533557282,82.72150634420068,29.99845672194054,-75.53471301965013,34.73726102963304,29.979946286744983,-78.21667795216031,-21.039085305119137,30.00383873716893,-56.71139005691819,-56.676040150163246,30.043450334190677,-20.839761191888098,-77.46311717902621,30.00175813950455,33.554081567563486,-72.66358732713107,29.981681014018992
49,-25.044705003544486,16.133923511067763,29.995990426270456,41.008078662945294,11.424311975086201,30.02109577142797,42.05710764190784,88.6426368270421,30.049279583193485,-25.13724705875951,86.07774507558298,29.987287955586474,-78.21439409214446,35.814967152822646,30.011894223638535,-80.93874741526226,-21.877668155265564,30.003398260052585,-58.774828537373104,-58.75055550354408,30.05297824990168,-21.68491227215184,-80.179058616583,30.00459435549383,34.62544620915125,-75.30918337945957,30.009580201364592
50,-25.04087202917342,19.16007732429187,30.00205559269549,41.007405188425714,14.468107685337836,29.98885231074859,45.2757658228466,89.36441008200582,30.035577619060923,-24.468463826751826,88.70812247037681,30.020091740399454,-81.0391167839225,36.957287530965566,29.996504106917406,-83.79320811312317,-22.770825297811612,29.979930891169445,-60.91105889307659,-60.88696242230425,30.029982604513975,-22.565103050107364,-83.06539547444554,29.98243695704333,35.711748573580266,-78.01514445737077,30.00027922257488
51,-24.996021316107836,22.059237258188414,30.007821117257087,41.00542550105998,17.17320591736451,30.016600533828846,48.95613357964675,89.13437874072936,30.0099027714601,-22.014238487440252,89.20124373461348,30.03131446510131,-83.72441035619437,38.034197758488126,29.981585480235008,-86.46505622508775,-23.60418036972316,30.021896055458914,-62.90826529640377,-62.87794866966311,30.039832026255098,-23.414700958909254,-86.20701791721095,29.983115143764124,36.79956873787808,-80.69106874239874,30.002818054175993
52,-23.10403505343734,23.223358310003622,30.00676987226653,40.90598617914122,20.377899799148103,29.980627112621782,52.89375401770333,89.03480431938576,29.977762861268378,-19.102354801291508,89.13284608309583,30.008466952896196,-86.49337497836754,39.15984416298327,30.00017608008669,-89.40516539840922,-24.61361150374661,29.990255578099717,-65.02289311216826,-65.01684537931226,30.0351407416949,-24.297017379091052,-88.85748181855999,30.018119156213526,37.89879070791321,-83.37879681203214,30.010135157361887
53,-20.344279190946914,23.119791768152083,29.98301986528364,41.5533191777938,22.696606693648164,30.04710682421462,56.627296897918306,89.06332038591037,30.001313258409258,-16.241191562764897,89.03935998492251,30.01293978770601,-89.39261775632636,40.237461939634606,30.010973573438616,-91.13192028996157,-23.79126019432572,30.05652923875328,-67.05979104432568,-67.03236575382067,30.04264917833554,-25.056673411878993,-89.54130118436794,30.118153607395023,38.96206882196695,-86.49436984027825,29.981537745029005
54,-17.478987299922977,23.005553135691606,29.974117892895332,43.853624005610264,23.14117243049992,30.014385858846556,60.28267232750464,89.04850607029739,30.02119592127716,-13.4846163303429,89.06038895555623,30.02307531571744,-91.09274007885185,42.07001497267509,30.036642932894043,-91.13195113381744,-21.32004753173847,30.032193406636807,-68.99790735223593,-68.96516784453917,30.031039588613503,-25.061146046552935,-88.03243614130069,30.054039449943243,40.022368961331516,-89.06445077763766,30.031800287300385
55,-14.907474959569651,23.036088234846687,29.994871045679908,46.42300575129879,23.12259686552083,29.977578056604827,63.79943753395054,89.0674421572174,30.000745494490108,-10.708633666533462,89.06243304838553,30.006403077692497,-91.14292432363479,44.63660996316352,30.02764784136782,-91.07792101821747,-18.766876142379367,30.00175330162339,-70.81635427658846,-70.80471161909715,30.034823156614948,-25.039765154845274,-85.62264353077303,29.978508481301755,40.87520479677746,-89.68426247426497,30.094037162628425
56,-12.11745706305611,23.040998197128694,29.993901045484282,49.273685918436456,23.044819515054748,29.963548181691444,67.62839701063427,89.0674168716783,29.972148951897246,-7.912182224354902,89.05945556851344,29.987557985875586,-91.06813667644114,47.68781649758064,30.002360271242647,-91.07129273496797,-15.795733268801591,29.975421575396552,-72.76851078562282,-72.75453689142944,30.041671817845216,-25.031894703603182,-82.72771814485102,29.93506404583185,40.96522632680981,-88.16351765808167,30.031573069943015
57,-9.479653034391152,23.035675272166937,30.020709778316718,51.92521359547234,23.029219726005746,29.977926440309965,70.94798875552571,89.05998055939428,29.99836912758953,-5.341810191768665,89.06668248570558,29.99593771647675,-91.09924691719876,50.28304170559843,29.98287460505732,-91.06522032810976,-13.224281602386347,29.981545023624072,-74.67572876870047,-74.66959447408804,30.03852591411144,-25.024396445076558,-79.86889459900861,29.966613322168577,41.00493434266552,-85.709300509649,29.949737794999432
58,-6.724587736822391,23.039323842196534,29.998007355525342,54.77190217137839,23.043744457090995,29.989719364699106,74.73836157564696,89.07226566603582,29.982431697866613,-2.5723304510489022,89.05403078225615,30.005154515057914,-91.08858453491163,53.30565931763328,29.981618194425657,-91.06413364567216,-10.385059733532039,30.001140281512676,-76.70132416020756,-76.67792321311305,30.026002922995644,-25.00581602457483,-77.22764082509914,30.013338091973036,41.010004795591655,-82.76322504462135,29.935921402677973
59,-3.8652469864028505,23.04040713426177,29.985910460160166,57.62246617754675,23.04369515739603,29.994792180060866,78.65223346873198,89.07003290435287,29.953420279375983,0.2543219897450613,89.07051979091767,29.977916503266922,-91.08593289270647,56.3067799672621,29.99138254327008,-91.06773204314959,-7.478231700768484,29.999458767747328,-78.73310848578926,-78.72065110342953,29.99269799415029,-25.00870907095929,-74.34123600687583,29.998894360241092,41.020951184935626,-79.90159748908306,29.975942574795624
60,-1.0150706933400844,23.033208251254404,29.982396391733143,60.532334243464106,23.043527674130246,29.99343776002507,82.62357390692893,89.07204128464127,29.971118838186936,3.1670726100649853,89.07393004393867,29.98230914293228,-91.08206970139372,59.353363600420295,29.979644708756283,-91.06920668111708,-4.596101631461111,29.99194099260756,-80.7464221512357,-80.72597194350264,29.998030161932093,-25.031872309170588,-71.47276128969666,30.0025325790265,41.025482414093894,-77.04041945459757,30.004025993502403
61,1.9849332792841643,23.03144641687593,29.999144600681916,63.453808622020716,23.038225377947732,29.99612646508815,86.684068310917,89.08347764634847,29.99273804712972,6.0899254178647695,89.07063331153587,29.988517522621137,-91.07874454669377,62.49036628739529,29.984616060476633,-91.06536973184303,-1.6393395761237217,29.99995880867197,-82.82922574270265,-82.797613461769,30.01220269572648,-25.025435984682034,-68.51155409005848,30.00910203028615,41.024059343250286,-74.13511373916857,30.017316658015652
62,4.873314100822669,23.032564617907862,30.011653567766565,66.34399045510364,23.03795672705827,30.01040650056103,88.91146249686086,88.52260391613491,30.077961692532604,8.90033181287516,89.0652018117537,30.00142551603921,-91.06508319056194,65.47120393483048,30.024132406357182,-91.06228221022546,1.2310080127147607,29.992431450553564,-84.90203817998554,-84.89297814417074,30.008023653266942,-25.025747965439095,-65.6768087732895,30.022061449514577,41.02161832516885,-71.25558077865438,30.03771583926422
63,7.579616814971472,23.023586360185448,30.007359080943832,69.1735420481702,23.034910327316844,29.993321208718374,89.07261343516313,87.09393568520228,30.111820444370295,11.772748054261662,89.06143879713228,29.99930879298838,-91.06445808616783,68.24092026486593,30.013898980585804,-91.0586731881571,3.8829042084970617,30.004453785129474,-86.87053369434872,-86.86790500644602,29.996916034650233,-25.02976957912963,-62.87110184273546,30.001158627946626,41.01593277189235,-68.55885745696709,30.010496316578084
64,10.47932864288355,23.03355257934608,29.989774205653063,72.05575138941589,23.03344618252179,30.000232087480654,89.11893050239435,85.42467214502571,30.046564649654485,14.668681465641756,89.07007378051367,30.000827628166054,-91.0837830254027,71.326732925682,29.98973736254394,-91.07947471748818,6.899157531303571,29.988082430846532,-88.81687685855668,-89.34183255323961,29.971854999614084,-25.033545125863274,-59.948508121246924,30.0058267981202,41.01114744543561,-65.65585433673279,29.978763435984824
65,13.427285102426268,23.021468369982426,29.978872490122985,75.01143266742488,23.031241850256723,29.99049004459829,89.06874539203193,83.79979246095101,30.01521589550318,17.56916726655785,89.07859238880069,30.004058088968517,-91.0661193211182,74.33248705584856,29.97535876475866,-91.05821070753571,9.746008084244094,29.969061588141024,-90.81164541016763,-89.93871175569744,30.05149430685949,-25.034006871520454,-57.14812177710833,29.987522591709702,41.006690455449636,-62.768948675888666,29.99461712629048
66,16.043045130867913,23.01963320415298,30.02580425758818,77.59796290958623,23.024636854911964,30.0057016781991,89.07221073805378,82.1931004512374,29.99240213401791,20.5235607929436,89.1611791157155,29.977355985572068,-91.06111945036994,77.20663794319022,30.00490008102257,-91.05788464333517,12.418537314001169,29.99584493425109,-91.04618597846323,-88.44320379105658,30.0311893374028,-25.02695822245607,-54.35039972212387,29.985714227405328,41.00854763398506,-60.010249702899664,29.99951979963938
67,19.02142731282317,23.012002533702063,29.998169943213195,80.59456804660675,23.032110069038445,29.99960191030267,89.08009695192925,80.57500265174076,29.980794219244423,22.758514594147247,88.43440036786649,29.984175231959977,-91.06132989385922,80.2302332432422,29.99685393168055,-91.06180077330984,15.30515796899531,29.985793314568255,-91.14596334338336,-85.64911528339262,29.957184172922258,-25.030996356824307,-51.47009614752297,29.974897406617764,41.00576676876815,-57.11744865235083,29.975614696067165
68,21.99801279103887,23.006344552124595,30.00151745044275,83.47155429721631,23.023540968659095,30.004188233986568,89.0760684837451,78.94284396247757,29.99580755124769,23.11302781066541,85.98679313255404,30.006512869488155,-91.0643339506759,83.28326870930827,29.991181943201163,-91.05688061823078,18.228555408702377,29.990949659706292,-91.04550397220534,-82.65806360112258,29.962788819086228,-25.03219410591113,-48.47257335723112,29.975380352221922,41.003593776743266,-54.23321141289142,29.993642082675528
69,23.118151352155824,21.148756709813718,30.01714780040086,86.6032641123007,23.13757646430005,29.986856225532986,89.05563230174971,77.2864593304533,29.997498083202526,23.05512941669431,83.01702668083792,29.993172695390243,-91.2011981010022,86.61365183980898,29.96345039014478,-91.16163572332462,21.393759183501594,29.99574747337473,-91.04665509307013,-79.86013674223382,30.005002047226466,-25.157632311277236,-45.4378735548562,29.96588704045101,41.001916346367274,-51.32304240777883,29.97757172562404
70,23.1211665818218,18.43046913696496,30.004530933066814,88.77344796401084,22.407093493173296,30.01188198930369,89.45391168535009,75.66815332758345,30.01551336379521,23.007223739774012,80.22294817010366,30.003966223514894,-90.4376293923146,88.77986712514988,30.018440496378286,-89.8891709460146,23.067878172011692,30.041179806858178,-91.04119054276765,-76.94171338178192,30.020697734544427,-24.388524408378107,-43.22831293159365,30.036857302139783,41.008835017652494,-48.40862021943698,30.012083498574047
71,23.015273472746724,15.481918365558254,29.998777607743683,89.07665751773568,20.084868686196163,30.023456337910915,88.20383474544009,73.9786759996227,29.97119925267541,23.01235287530395,77.45959105171983,30.000725181746944,-88.04128842676785,89.10347768117546,30.022008766679303,-87.31431553504949,23.103466000274818,30.009904471493122,-91.0330250023102,-74.12665673108869,29.99895482767284,-21.947035144898145,-42.91894706076745,30.02316084755337,40.8654726953189,-45.51767824589199,30.011811270334857
72,23.030579863500257,12.803948045791328,30.005327283105817,89.10056208350098,17.205776196033153,29.994485246137938,84.95558208809172,72.9947304042726,29.913753281866974,23.124841823603383,74.55173159455212,29.995728463093428,-85.21811679865988,89.1130211802499,30.00928968893027,-84.44133437363598,23.072772320086447,29.978037601640292,-91.03981295772928,-71.26000737440327,29.98445196897269,-19.202605313521765,-42.93929721978225,29.997398603917222,41.597946409967236,-43.263878202273226,29.99882365606284
73,23.106698548592988,9.865767748369274,30.014218754941712,89.0390412923849,14.31209979088557,30.004587956325206,80.70183041490883,72.93349347617611,29.91700809347241,21.66219600914918,72.97176889194931,30.022927533065587,-82.21674658434928,89.04133413216982,29.98422671748442,-81.51388008375692,23.049492184301236,29.990295771415187,-91.04291638874315,-68.41273907907674,29.981044086417317,-16.23270211642578,-42.98409050821069,29.977661248113424,44.167956699303545,-42.939241884556786,30.003339658045128
74,22.606811462152464,7.4131881047093575,30.014332443639226,89.04327336263216,11.48190017297706,30.018753592042202,76.55389379721754,73.04419275864873,29.965440848004445,18.97017991323032,72.96877121439168,29.994120795142074,-79.46286792483336,89.04176465636012,30.000978362385823,-78.68071827049224,23.0326245120312,30.000571050490088,-91.04734501430062,-65.51200120343583,29.99243059689567,-13.394334992915285,-42.991568630550745,30.00322635157277,46.95396061932476,-42.95934342449058,30.00105447769968
75,20.159845696869613,6.909392543615091,30.011839410585115,89.14053427639213,8.46572440868263,29.993979490839777,72.4197129220415,73.01880505367154,29.99467638708013,16.034476007337847,73.02805268675786,30.003833751322567,-76.42356866489547,89.05443977747161,30.00600741540952,-75.55196171215022,23.03917473307854,29.976464786563714,-91.04846834690318,-62.79031593292683,30.02793091856804,-10.562185072764517,-42.9906038826807,30.0156551365688,49.8724463478685,-42.99900154401772,29.999118886798602
76,17.24381913817196,6.948166185243661,29.988748037864912,87.65946987550728,6.96904496669193,30.029092707118828,68.040226176952,73.02366336085333,30.00042087500804,13.099251396379762,73.02537409206528,29.988516534627188,-73.517683637382,89.04561143986588,30.001068641725382,-72.74124757762952,23.03012171954996,30.00669118050283,-91.05396831970026,-59.69204824410243,29.981657188893863,-7.485451347144237,-42.99373464261097,29.967880996368912,52.890467363534455,-43.00761388816512,29.98732722983552
77,14.438103517167267,7.0099791224203925,29.990874775738796,84.93228695813849,6.936028707493065,30.02096983145425,63.73658463984558,73.02704761393419,30.008587876191385,10.183758585841128,73.0190199419724,29.99690286259044,-70.59287571713502,89.04044071175421,29.998524387031253,-69.85086303977293,23.035509343810975,30.003137110776574,-91.04117102550673,-56.98149521825229,29.999298259703565,-4.770240415475022,-43.005265236020854,30.003371061820925,55.50879250088903,-43.004203433837446,29.99317494938783
78,11.486295962708297,6.995565783906471,29.999022872834555,81.95717087016727,7.004229269628941,29.97697368275715,59.52710753125946,73.02606781897786,30.016344364485118,7.2828826058119835,73.02103488776756,30.00368555706492,-67.73718200162394,89.03720783856656,30.006404684887432,-66.99628705079967,23.0334453510213,30.005571749104032,-91.05448991720493,-53.991349197541034,29.996384312193044,-1.810877665663859,-42.98394280951646,30.000368258340057,58.60338330062311,-43.00754827301345,29.98877198363389
79,8.680728759394087,6.995557812772178,30.004346029023154,79.22353801311246,6.994042471242666,30.002497712605162,57.11394459847154,72.38583373085817,30.106731394610044,4.511194390251161,73.02174730496276,30.0102385015161,-64.83290053120803,89.03810869685103,30.000080347967174,-64.1203227421715,23.04198204444194,29.9908142908333,-91.05174624465363,-51.24808843702422,30.00826391374805,1.0396220743601718,-42.99295709782414,30.000096646459962,61.420058368979085,-43.00921817124968,30.016635986106703
80,5.7515002946154,6.9950043307742416,29.987999243237706,76.37484755592624,7.0018680747068665,29.98947191145452,56.9082005499255,70.8710000436857,30.1194451001699,1.6567197631591362,73.00730036378678,30.01685570916073,-61.96283329280447,89.03088206465992,30.02641605209583,-61.254168870242694,23.02512191378126,30.00560647782871,-91.04827980537593,-48.37837431444846,30.002068716263526,3.8535884242520293,-42.991990998012035,29.991416297820322,64.33853491562232,-43.0055193838162,29.994363246565303
81,2.9510288194614915,6.990112815705199,29.994353485326332,73.62585524668985,6.994097647722785,29.995217522489497,56.93542082665268,69.27335107460618,30.053253049364645,-1.1348412273222652,73.00698198693223,30.020739754936713,-59.21300533949347,89.04016711984268,30.00019415064454,-58.59801455427603,23.022732008239366,30.04752958219223,-91.15695320362647,-45.50406519848442,29.995694111452515,6.6076227575552435,-42.993201115949844,29.996511626596636,66.9959210012246,-43.00555577474605,30.000972794851492
82,0.11421965327807106,6.9862888896000515,29.986236469066647,70.73060961083105,6.9916554985224355,29.992957458609038,57.0314143199964,67.56815513442416,29.999307662607016,-4.063489837499524,72.99894714115733,30.00976235990832,-56.35546555478039,89.04309897373578,30.00026748831113,-55.707561963103984,23.046044524901973,29.998842647703267,-90.43624599070213,-43.217054682857324,30.020658300316583,9.593351987688347,-42.98987170853861,29.987078570690716,69.88064620350303,-43.00385951672862,29.978238631214065
83,-2.7905467311863874,6.989324753171999,30.00391928609462,67.80697811668162,6.983298245050888,29.990661501260465,57.00330540164135,65.92532292824691,29.99722552651953,-7.0352661084166765,73.14299153819174,30.017881226943956,-53.38960504180935,89.03898076256499,30.01115337872843,-52.7733334727689,23.032689387431542,29.98947083495822,-87.87031317644482,-42.94292246637168,30.002521918135294,12.416768439923224,-42.987780614843,30.021279825059455,72.74409628049659,-43.00252153996688,29.98566146316452
84,-5.713147425719689,7.01582294195879,29.982531035085515,64.90436882972314,6.985306300146779,30.001879945880738,57.00998287253505,64.28436978990788,29.994046751917942,-8.934224529981256,72.0981255677024,30.023066910416336,-50.48382926836121,89.02766640487951,30.033051161509373,-49.95468618263021,23.015303210370707,30.02660528778068,-85.15497411132863,-42.95132843360492,30.02636568314928,15.369648841883075,-43.00160779688643,30.02192464025837,75.74523405655364,-43.01136149923246,30.01157818155376
85,-8.286157791884362,6.800544858122488,29.997827315976586,62.36536268109821,6.992239530805078,29.999792542204652,57.002780061651265,62.84205482179473,29.99219165954809,-8.998335390452871,69.8368957493159,29.998252355105187,-47.94919421975983,89.02985282075241,30.007146100850562,-47.33823402338228,23.01854036746904,30.029643775243173,-82.63087028763844,-42.99847188206806,30.01898126825342,17.85367154617384,-42.998879381339876,30.02452563253466,78.08997446623198,-43.010128143553445,30.02542497331374
86,-9.009216242382628,4.885419767137801,30.032091949550093,59.33465525948996,7.085609763890849,29.997269521351523,57.03546532762855,61.266067428167936,30.003330253665307,-9.014288150429463,66.98832580922955,29.972857872148065,-44.90728919191604,89.1773905156786,29.997761915904377,-44.368830772190734,23.13528354254255,29.992367251684193,-79.63014916324957,-43.00961153597516,30.005753779129112,20.82279435219242,-42.87882659974793,29.9907671137839,80.97928423203071,-43.003242489714964,30.000097745083554
87,-9.06954041132522,1.8887390680463347,29.988035473329294,57.16542590845541,6.1511921013098885,30.002576991434047,56.602300778535025,59.59688485501549,29.977344721202787,-9.02571934387212,63.93953465196182,29.969034118893763,-42.99943413006607,87.96242206227613,30.00002544728215,-42.9285918087392,21.601814487929893,30.006227635522475,-76.72130192821176,-43.01524642992365,29.983786083095072,22.89156958300014,-43.82223385297611,29.992360325757158,83.8896077408756,-43.00847552268128,30.009467456775823
88,-9.011164706236446,-0.8627731215547294,29.988552970803344,57.01527104131628,3.714356452770632,30.000078376411768,57.84748030794379,57.93808021290432,29.969988693586206,-9.015522482914287,61.21969371712021,29.99534014265801,-42.92957132192011,85.49263556916048,29.994315638935586,-42.91567984148056,18.958653430842517,29.98175200762076,-73.90275844423654,-43.01458597246204,29.995853987952138,23.070986492224947,-46.433259982934516,30.016907789072672,86.8652973883842,-42.87837635606674,29.999684095761378
89,-9.017624434117215,-3.7213645720983033,29.993469345759458,56.94699791856077,0.8582263675747213,29.973907316543933,61.0866899098845,56.97985517808223,29.91147817964704,-9.082604016680435,58.293897717962935,29.982592084834334,-42.983246733177474,82.60800602043768,29.98801970446428,-43.00549647231027,16.104652473924013,29.98200324208462,-71.0094942518727,-43.01053148505613,29.99056243123355,23.077579123035456,-49.18181091570569,30.01180079535843,88.93165686412605,-43.8089070560714,30.028605326243206
90,-9.14414101452993,-6.73861611179744,29.988306081243657,56.999901647015164,-1.9649363926252341,29.97185723438605,65.347879093552,56.937277171013676,29.89302495433628,-7.5831669205103145,56.925922647861874,30.043112579390023,-42.991511689761964,79.80490794934344,29.99651930016757,-42.98849818855264,13.288276232169784,30.00287166161046,-68.01993498600895,-43.00840251288145,29.977373913106167,23.02164611377897,-52.156281115091936,29.993840298349696,89.08148522862932,-46.35874183302434,30.02470770708405
91,-8.33982771207921,-8.78831969732846,30.041691574062042,57.00939510996733,-4.752738476398684,30.00462513870983,69.47651705679192,56.98142879625222,29.95204214834793,-4.862687687347147,56.9512119794306,29.98481895701115,-42.99943140167126,76.96090817230935,29.980748061172974,-42.978521010372006,10.357908334996532,29.987223083728512,-65.20484105355861,-43.01351219194166,30.005078034744365,22.99745678868533,-54.86730202960724,29.99831572675415,89.08144390003824,-49.23575515376199,29.993693116935685
92,-5.894150762446848,-9.004574817759494,30.000085234901505,56.94309843453294,-7.701400112289768,29.987397734873667,73.66821952908982,56.97867131791251,29.97759506081582,-2.020883888458788,56.97848350456897,29.95963101752019,-43.017214856104744,74.12473916868728,29.96453693740192,-43.195639903067374,7.719808260704177,29.975457000857965,-62.43817901582172,-43.00259806626845,29.99971245217569,23.072991243456432,-57.81380322777124,29.97383173677799,89.03405220379116,-52.01442021706272,29.988305735678143
93,-2.997903566736475,-9.059844591234745,29.96569879119636,58.53320485025022,-9.114055596894508,30.06059357954087,78.00814076052039,56.976589008508796,29.99034707682123,0.88700935708424,56.97124182128863,29.97702781093366,-44.78296548367288,72.83853649515619,30.0171435506946,-45.298676863790114,6.895912202827753,30.02400382847566,-59.319318572883795,-43.007951105761606,29.994612035823494,21.4285540252748,-59.15461108678414,30.006552534302376,89.03706184142092,-54.986303426995306,29.99554239647534
94,0.06873546325726303,-9.030889527667156,29.982459287163422,61.32814432105498,-9.037112015305192,29.98677808502011,82.21135483405374,56.976898577790045,30.014084516136165,3.8346607358633573,56.97079873676878,30.004627374966955,-47.62516735347227,72.93710919970218,29.984323341418662,-48.22056611673879,6.918285397282292,29.98587242743014,-56.573501563977615,-43.0199902205855,29.991769096630797,18.60610513089867,-59.0929833220346,29.99943260791261,89.01300890272323,-57.9279207869961,29.987013184585294
95,2.7881769263358,-9.042891822249066,30.009745597830445,64.05579670009169,-9.05389607385398,29.999124045802528,86.36811939920148,56.994549906445755,30.00512508589647,6.6339893288605785,56.97166304117943,30.018112613174754,-50.454766932619826,73.0221965683581,29.990433145658674,-51.00604642986925,7.035397564687979,29.98628198285951,-53.772437109712584,-43.00031707892529,30.00474252567806,15.933960543450363,-58.984504948820096,29.98589305134148,87.38676612217743,-59.162223397414586,30.04258772482789
96,5.664226259072091,-9.031848575711283,30.00667621786315,67.01652000774926,-9.044113061844678,29.994032749541006,88.8003233871062,56.301684738549774,30.069206228120457,9.533567857093528,56.97595867217302,30.004168987317133,-53.387306236066195,73.01346193871674,30.008213032434043,-53.87006045490364,6.989820873335966,30.015139353403995,-50.86688323966643,-43.006932713284314,30.03040529108385,12.945068130653215,-59.02745464326174,30.008770436175826,84.59970417147996,-59.100800127075416,30.002833908614512
97,8.370342198664881,-9.035529070719223,30.015929931188264,69.61538900587097,-9.03490511655549,30.005272943750438,89.26275361321458,54.909064884227185,30.102581072257006,12.24571340923364,56.980563826647874,29.99675786612455,-55.98870609358987,73.01771900670438,30.011834324913682,-56.6265297183069,7.005550629683827,30.005456894947656,-48.217329391645116,-43.00095173236146,29.999543319079756,10.398899745663575,-58.999890905618166,30.001617746079525,81.94539221732946,-59.02345284959271,29.974486472644635
98,11.24492527888518,-9.035414080167925,30.014762728425193,72.52464786843923,-9.035133561478842,29.984430321945386,89.13132553732314,53.19732806789012,30.04968999327378,15.128518103263398,56.981768056184116,29.983718610206367,-58.891590233658704,72.99819402109704,29.987912532560685,-59.51197909512114,6.999526374697129,29.99125225076669,-45.1577320579738,-42.87711410818953,29.965396860761,7.346892579252435,-59.01712793951418,29.976410417861526,79.0414813003611,-59.039976309198956,29.95343836830358
99,13.984185280792408,-9.03358480655524,30.017603579881676,75.1893449919365,-9.046902929203162,30.04223905379305,89.02252697971136,51.600395975146625,30.065507373050405,17.789463346240368,56.97859379864223,30.036025305835032,-61.59518962501607,73.00300102974873,30.024768405890875,-62.232126639084335,6.991145834275011,30.009963555129183,-43.09522260209646,-43.85717279395375,30.04473886260026,4.584036015103267,-59.01265005643207,29.999938885423255,76.21787460563698,-59.030821933096696,29.987871849949297
100,16.902948651786215,-9.030756367123944,29.995922672029494,78.07330759297463,-9.044810926132962,29.999401425744576,89.06785682884184,49.9663758437213,30.01092307670529,20.869209591142052,57.10632542462873,29.983319030449817,-64.50073301787336,73.00307870188483,30.000358642071326,-65.12219842306823,6.996612927934852,29.970096962776484,-42.92057765501709,-46.174340668134896,29.99280601781781,1.65251472126743,-59.02067365442112,29.98680489241731,73.34386183777005,-59.02818016792566,29.979207087357818
101,19.85545781850213,-8.98757988259847,29.99782667136449,80.98474754667161,-9.035740275591746,29.981716012512756,89.05060671714669,48.30473337972079,30.005208988276976,22.85913932254135,56.170110920460374,29.998693441819462,-67.4171622622951,73.00624846134247,29.980064698715417,-68.04512762349687,6.980951149046362,29.983176552708194,-42.930899915060394,-49.0995564550775,29.966676361296695,-1.2588600325199555,-59.01976336638441,29.98860046547581,70.42590347305341,-59.02946470931525,29.991807913515007
102,22.502423371384634,-9.329772387179267,30.011998337552782,83.77635493853211,-9.033179412191336,30.01570847973968,89.04646982836128,46.6111948910501,30.01251602127309,23.0736970547456,53.49619607837567,30.012616856346014,-70.26827599902569,72.98571005671222,30.009018025447574,-70.96660244366608,6.987249322880891,30.02369834359014,-42.97922976400466,-52.16018784560715,29.986643274144992,-4.167483612953378,-59.017742964466514,30.015102070176912,67.56286873279525,-59.03383544099123,30.008436645999982
103,23.055720432915198,-11.343582504776613,30.031902189985754,86.7451989106435,-8.909145990611727,30.0056927542445,89.04951226255997,45.06274474500979,30.001441701754963,23.087977684652973,50.84642143926977,30.009031749428093,-73.13183091818229,73.12950641903782,29.99028372305882,-73.7948597007863,7.04151317106887,30.004518604070892,-43.00102407296745,-54.68136077787946,30.008126186615222,-6.980397906002111,-58.87034628979047,29.985276667143605,64.97666035449002,-59.021722994094674,30.025651042796476
104,23.082351588401046,-14.172559135056368,30.000291702791777,88.84071446674074,-9.751312217466824,30.015072387631665,89.18255907648658,43.38034392089182,30.011490093541102,23.004030454434837,47.989983169379364,29.997197175267583,-74.88893273615898,72.03419465648624,30.033872602862182,-74.99327666215042,5.507480454824847,30.055477560321627,-42.88685423421274,-57.593865856997745,29.973343198402677,-8.885915719980249,-59.88616847582866,30.025621560800722,62.120291319734136,-59.02730585350969,29.98299240391618
105,23.009449341209148,-17.087212033354604,29.98856931371152,89.06919241360671,-12.280784337412905,30.021725710852717,88.94699241739404,41.795031944448226,29.995157135531283,23.01571957989909,45.10040660184489,30.003532717814696,-75.01033643659261,69.46329084853517,30.006048980592197,-75.06092289952657,2.6383287346725837,30.002081546137102,-44.46488932052774,-59.08319733792243,30.013956601038377,-8.984005408548073,-62.54225405598599,30.00609011059663,59.07457478025884,-58.89245366465976,29.98811904126412
106,23.017568909262973,-20.058010274671997,29.971696297204833,89.07668690365644,-15.211867571554913,29.998078258637726,86.7923408793431,40.91629582492459,29.980716988493533,23.04719325608301,42.079353713280526,29.993139405584426,-75.02134134547958,66.44480847206799,29.982093282607735,-75.00927420023635,-0.37531612560480354,29.96022652139178,-47.41202891124592,-59.06785067526616,30.016697358485906,-9.022905039444723,-65.52947953401188,29.972764504635723,57.10485565029727,-59.94628995455947,30.01849269794475
107,23.150288615525096,-23.071507085305747,29.968681983331138,89.02862194429537,-18.0580894790238,29.98576261593997,83.2627436153148,40.88831015148158,29.917444184125234,21.2940796112081,40.82800751261765,30.03945446877805,-75.01741012834302,63.566168299514146,29.998662455029283,-75.04423068726408,-3.1263514079662076,30.018622138778372,-50.12570572850681,-59.02050818829812,29.994880153652815,-9.017242131218774,-68.25014694188802,29.989704201128298,57.011523297291994,-62.56409185501045,30.018319210200684
108,22.01817706096887,-25.004888478690013,30.003900440064573,89.02539822262973,-20.868676124334293,30.000774115429824,79.27051842095783,40.97477262873369,29.942670390868347,18.432793513953587,40.90274165030522,30.018938602983305,-75.0165389222618,60.63768549966404,30.000199410661153,-75.08047504163038,-6.198592261845042,30.009316825348343,-53.17873632648778,-59.01772651389192,30.005216816521738,-9.014550194620297,-71.20770246130128,30.001568958391342,56.98824323337025,-65.4920206817903,29.995932135797798
109,19.52924016182748,-25.061019633728257,30.013551793845405,89.0910993963877,-23.745864277099454,29.97374276100913,75.6103404654768,40.97623785949934,29.972729757560323,15.658538801265482,40.998297758094964,30.00727748480863,-74.95852573659502,57.87756372117342,30.016514116530093,-74.61655216880818,-8.643647388596913,30.02257190098394,-55.92837502356237,-59.01226271876629,30.000996581018036,-9.011650100919857,-73.97336475414606,30.032709216154927,56.99771778439754,-68.24256060446484,29.985599170437137
110,16.478387693246617,-25.056284467324065,29.980162167546325,87.39030127572191,-25.11183581301416,29.996947713352565,71.4167078043861,40.96980052327252,29.96904858546717,12.637234626537172,40.96327591244423,30.00592452679332,-72.97829552230803,56.92940128093806,30.06465112909119,-72.29349092170915,-9.012643495501028,30.040621933899594,-58.957294030141846,-59.02109426092874,29.996395489791087,-7.096178904611718,-75.07399986662641,30.056505932823182,57.000349775036604,-71.34789411392222,29.993916826623426
111,13.599870924515864,-25.026014958021754,29.977540979649298,84.6690084847033,-25.10554130378802,30.002022193535623,67.80998817872108,40.98086480066478,30.006926329739834,9.847962819562042,40.975542178620806,29.994505981893415,-70.24520688457667,56.89847892456465,30.00307494635093,-69.47163164473513,-9.096892648167266,29.99193707316349,-61.60231492619829,-59.01898194002955,30.033761204013466,-4.614589435276478,-75.13231919114898,30.023493065203493,57.0087126988184,-74.00899305432009,30.02395200566085
112,10.859967066571562,-25.030557016446263,30.0032016511666,81.73547450272567,-25.036617105896834,29.97001840642065,64.11272350138019,40.983855335614436,29.989862577092833,6.998722244030123,40.96447203129575,29.98874375242344,-67.33073763968486,56.97717612914398,29.997781085477435,-66.62528698729494,-9.032399152900384,30.00041773955034,-64.58791343847538,-59.0292886578991,30.003924721169557,-1.5736092036909155,-75.02647210843584,29.94382377029566,58.70391927917408,-75.08490646912622,30.056411987892005
113,7.869708019372268,-25.035966690791344,29.997886012250536,78.82152623358346,-25.03948410199339,29.97721471137084,60.08377547128575,40.97564849921871,29.978269447949277,4.02866252323521,40.97074133101381,29.99098430041123,-64.36373346552531,56.96200209231726,29.99161665159232,-63.690335713452356,-9.04232386240299,30.006368267098875,-67.4137303096682,-59.00959719267371,30.009311720218815,1.2807754665055069,-75.06195872405094,29.99040623077921,61.56692784439202,-75.10543265930697,29.986975594011838
114,5.0057513981119826,-25.034145428971602,29.99183196116623,76.0157956509233,-25.03742844476717,29.989657082464614,56.32955969918724,40.969845195643195,29.984074408913646,1.1700219571445138,40.97293070962874,29.98933939976531,-61.47052932583268,56.96347909159876,29.971810704045556,-60.8506474782458,-9.039737335647601,29.987920509468445,-70.27898229065227,-59.030420127891915,30.01599174488599,4.194467024399395,-75.03558774532354,29.994946261976597,64.4822707564263,-75.04541544582234,29.96695423856808
115,2.1784355462220604,-25.022540606288562,30.006016267149302,72.96130053147894,-25.03696115842263,30.00638386565575,52.154016598089676,40.97621206321182,29.978485827795836,-1.836754048119426,40.97134302320907,29.973862226802265,-58.44950494418606,56.96261834936019,29.983249738887018,-57.93820997166143,-9.041253953237689,29.96881381737842,-73.47294088453447,-58.908292238101176,30.015931224470346,7.066855507843728,-75.03805093559137,30.03763441490985,67.48373877877347,-75.04764894900615,29.99927532941199
116,-0.49107033104906905,-25.028646652842937,30.023871580192203,70.34176730344763,-25.03521596089207,30.017951601835314,48.62464864552631,40.97562605706918,29.995439756391352,-4.466378962399446,40.98023577627411,29.997376454928844,-56.01043125787972,56.97026101975593,29.987158879716123,-55.297327956397545,-9.040124301895496,30.00177889782467,-75.05691552437939,-59.99380839374067,30.05080381906899,9.680147502412078,-75.04543132288066,30.050168895241576,70.04026457277541,-75.04639348616895,30.045996121372323
117,-3.344594347058868,-25.034560766808166,30.024410810701745,67.3735811013418,-25.033082718600067,30.031348650734667,44.710862021150106,40.974042972745146,30.02674394401281,-7.487873653063488,40.96428809442437,30.010968036589286,-53.09340606349389,56.98084795935326,29.99931386066767,-52.41399707718798,-9.01754960061452,30.009247039495303,-74.99317835748532,-62.44292875586367,30.025709370434626,12.57063292749055,-75.0304945635836,30.043620245133166,72.91767436812543,-75.03964343916817,30.03934650931664
118,-6.052887153984001,-25.033927435790122,29.997617307240766,64.92175026427189,-25.032387438694972,29.990727567404353,41.81915875803889,40.97654236723653,30.04533544018627,-9.990802177203529,40.97721569080631,29.980307780027978,-50.64542664784763,56.973772678205194,29.987793986860545,-49.929590035002896,-9.035863103898569,30.010108854572696,-75.03088100121475,-65.15377392505616,29.93254905024864,15.118734852857571,-75.03397688736116,29.977392619204945,75.44425394947366,-75.04997002082719,29.991805073488624
119,-8.966737744926963,-25.03605761294257,29.99171580371362,61.97955246391658,-25.03902275754939,30.00047313628765,40.890414219707985,41.00007505315031,30.127332905450828,-12.879998426565644,40.962799001881656,29.984884577128906,-47.568033312591204,56.978139046562816,29.959845402923108,-46.924339529143744,-9.027854752355532,29.960465871809696,-75.02052159765076,-68.15052757730417,29.936079673062054,18.026462213383276,-75.02991382967622,29.951929987114468,78.24293914887417,-75.0433468194089,29.973672249601307
120,-11.804677728465087,-25.032425671515927,29.99839126097638,59.11025521544266,-25.03910663827557,29.997602996284765,40.88410149008242,40.98724463187101,30.10164136065614,-15.798175099683608,40.970180015338045,30.00160160792734,-44.72326706079573,57.086984725623964,29.96507484628781,-44.109182020770476,-9.002360683402431,29.9539602514506,-75.03642305774949,-70.88104561262088,29.978633622975916,20.973140796954095,-74.90800091061986,29.968414743605116,81.1272413860118,-75.04014585326097,29.978467656691937
121,-14.832076430881461,-25.03340653372288,29.99546117350826,56.155784990290606,-25.0399147120667,30.00130269606616,40.97790546182336,40.98346924473584,30.043048767040464,-18.638072808237204,40.97670602213033,30.016818117900346,-42.95145825460824,55.82329866970271,30.012969823466268,-42.86510612956427,-10.906346680601764,30.004768586013114,-75.00055705290004,-73.98568865101959,29.989568326570815,22.956029217220273,-75.96772196277448,29.994725169571268,84.08003713705304,-75.02985137886677,29.984672514948663
122,-17.5860993150336,-25.033278820362536,29.98949570697132,53.30897709450212,-25.040261034522477,30.00147423053255,40.974967286902526,40.973635371612374,30.02185631191386,-21.48631852580006,40.97273686338351,30.015436359081797,-42.953915821951675,53.21474545124528,30.01499545955769,-42.921807523569655,-13.525361435806982,30.00864617521017,-73.39430367493536,-75.1599392745151,30.04776379149459,23.03814570190536,-78.48160844966235,30.01625435312758,86.87681957957152,-74.89144663592718,29.972017922771357
123,-20.537834147559213,-25.03373175512233,29.977308630444842,50.336937465938554,-25.037201115603075,29.9888553875073,40.97661232661407,40.97781874573779,30.008293004173233,-24.298919190161442,40.976349497754974,29.994091174320893,-42.9631807109406,50.27097217380894,29.99864186376876,-43.01657118670913,-16.380800229971253,29.974645196301413,-70.5250593892148,-75.04355156936818,29.98078361670213,23.038797455608346,-81.48329637824648,29.96558849595352,88.96654108467655,-76.00644405324543,29.98258641134289
124,-23.435725618654665,-25.03400506671537,29.984784353281437,47.707117117627334,-25.032894727887935,29.99539310240475,40.9780704702787,40.97505404974303,29.99513576887472,-25.15315048615836,40.99408077669737,30.093111421666592,-42.973762769901555,47.59883118168479,29.99970670697354,-42.997149600218194,-19.170264099693558,30.00394795781163,-67.68914035845944,-75.02633577489128,29.985095602657683,23.022653754271225,-84.15330827947791,29.976725229364593,89.04904456407505,-78.41421966108722,30.014992718067774
125,-25.025862810117903,-25.020107933841274,30.057245853145282,44.64372516326242,-25.038481955153703,29.978728012265428,40.97927246850145,40.981191904685915,29.993853137162915,-25.123181930426618,40.989589121552335,30.085685925367496,-42.97785873250658,44.594516212303866,29.993524091724606,-42.91444081525715,-22.25325865057368,29.990580185440738,-64.70354775138414,-75.04322496121436,29.977713238956575,23.000796963211002,-86.99122444161306,29.989988793429045,89.04086107730198,-81.42311620617929,29.96394422923157
126,-25.099830464315843,-25.01067104000437,30.110084354421097,41.84821048029009,-25.03932521764954,29.992840420752774,40.97392259569626,40.9750523710928,29.982179865847538,-25.01993863768382,40.982598688499486,30.055312692279514,-43.056694702152136,41.82972192751847,30.015245358275926,-43.5267539306132,-24.684569112453943,30.021778272728298,-61.92298051330997,-75.0471231019451,30.011272735356215,23.01021548693396,-89.96467215696978,30.013373778914683,89.021542530358,-84.04586345731323,29.99099292977942
127,-25.036931511429852,-25.023831065217003,30.06043062802029,40.94857290853086,-25.021589127671465,30.08782156661025,40.97311850893982,40.98376033660441,30.000266515941895,-25.02198607454027,40.97690697792733,30.00459220387551,-44.87354123645964,40.93122109151456,30.044519040794597,-45.758400883197254,-25.101635247567128,30.05602287605774,-59.23859359495182,-75.03624986119624,30.011153003916807,21.424992110999497,-91.0771458522542,30.043940677224747,89.007326035423,-86.72659233557829,30.019541962814078
128,-25.0443477180728,-25.03339636077537,30.029999176369845,40.91390784351309,-25.023620907995607,30.094027864265588,40.98884746396498,40.98590365993013,29.992977072931822,-25.022456265255613,40.968295146678976,29.984504717818286,-47.757356723242204,40.89080034201012,29.97908098962846,-48.7069308528125,-25.141261596629402,29.985656460920413,-56.25248165131349,-75.03401398528396,29.995216513527975,18.479351106193707,-91.1185703677306,29.990817220961496,89.12218035006175,-89.61427411832769,30.004057248224523
129,-25.03214826922345,-25.0320172889665,30.011875552391054,40.992112026995606,-25.023491850072208,30.04855965241333,40.98029716704552,40.981748408133335,29.976911781732536,-25.024875048092635,40.97252358851187,29.990060082651233,-50.626251206243666,40.98713040059491,29.97865352633255,-51.52431139412295,-25.020352898904743,29.977448262255926,-53.56806165014453,-75.03425203512305,29.986607002613187,15.669135711794256,-91.01345385744469,29.979239382047126,87.69950292238649,-91.0545435664614,30.029634544095305
130,-25.026915282376784,-25.027179419794372,30.002060375391967,40.98429030964574,-25.042659537815194,30.020966388246613,40.981566491255975,40.98580927545191,29.997005788022044,-25.019528935149857,40.974685167163386,29.984342899742707,-53.68634237383951,40.9667965934458,29.98163681151833,-54.47484405417365,-25.02588521260317,29.995851283606026,-50.539634362897104,-75.0392867997719,29.993833211000442,12.719520006677703,-91.04300397449117,29.9850101432536,84.82228856595212,-91.093932865486,29.997612574424995
131,-25.027967882265507,-25.026421241218426,30.004186350741012,40.98242295548284,-25.02776976218002,30.00150254074071,40.98038677734483,40.98957379554121,30.011131072456315,-25.01951356727936,40.978054451140665,29.985772527000236,-56.493038756553176,40.98391752714455,30.021537922965763,-57.27766558368921,-25.03288202984134,30.016814652062234,-47.77696632297317,-75.03461059385245,30.03091539313683,9.923402399206383,-91.03077429059172,30.013250052854325,82.06642534963781,-91.01771623583207,30.01283934997929
132,-25.03041038510998,-25.028463400119378,29.991269798335374,40.99239831722155,-25.03011089716281,29.993542995482073,40.97680582426503,40.98151830024773,30.006868731802047,-25.01524720274836,40.97510988901031,30.00328301061994,-59.301502496090144,40.97469355016283,30.005035998901313,-60.19239353661219,-25.031112694276224,30.00913059005431,-44.71883942164541,-74.89628657930564,29.993977141083242,7.024795306240762,-91.0322043014823,30.005061165781772,79.23568023814751,-91.05059299042159,29.999835202817422
133,-25.033272416589497,-25.025900837220703,29.9934425058952,40.98820270632722,-25.02468177743798,30.005625872945494,40.988694427832876,40.981611887338914,30.018091282649895,-25.01874219492372,40.97669361589182,30.013731277636275,-62.25870430228158,40.96295067352733,29.98855406822011,-63.03724221429543,-25.036200782124155,29.981624669331445,-42.93121658724625,-76.10995594025593,30.010870650681937,4.333969961646958,-91.03326035771258,30.00655720954191,76.33315194121826,-91.03953969818679,29.997283905316998
134,-25.033458349161982,-25.01590628360451,30.013142424632175,40.99002440760074,-25.027326542621793,30.000089730420644,40.98582046362538,40.98093446681909,29.996100882127685,-25.022535355250223,40.97480302571992,30.005900498614068,-65.07309628505807,40.96800518063277,29.984103434502973,-65.86311740262985,-25.043755860220468,29.97722991905651,-42.93230913475317,-78.53761288924916,30.00553136997663,1.5578442205523868,-91.03326064449452,30.022358034241325,73.54867744866402,-91.04412448989339,30.00978176345094
135,-25.037594862033387,-25.01984896153523,29.998470111522685,40.98358860441616,-25.028947497988092,30.001183059028303,40.98490658869203,40.98779394293484,29.99899262184863,-25.01789684607648,40.9798697381165,30.000568679608307,-67.74626764295668,40.96846808436709,30.002294640743077,-68.61258258333507,-25.03666183824511,29.980134882980607,-42.95164238119626,-81.34420741541098,29.980559844662665,-1.3471115618209735,-91.03765551481996,29.983885095763195,70.71660852428852,-91.04243389297059,29.984120096342373
136,-25.027040797316392,-25.017610343985602,30.010366128898422,40.98377072366175,-25.01960076985176,30.00235538354789,40.98667082290153,40.98744857375864,30.00437202926343,-25.01689832569297,40.98776743086757,30.001945306510606,-70.66504010011776,40.959392625641335,29.99158840923587,-71.70750306955604,-25.042117604477625,30.00053393148803,-42.97761952092738,-84.22507166443047,29.96500303675082,-4.141951590842336,-91.04044241529438,29.96458410112264,67.7711239753114,-91.03442469933832,29.97316032609798
137,-25.027284586057622,-25.0145326022029,30.01290170788382,40.98276999685934,-25.020700833386798,30.002309473166736,40.984862519870084,40.98392113964401,30.002219007338724,-25.01105998693045,40.98205156741837,29.99673240525576,-73.30398107592823,40.97728494428315,30.011766054543987,-74.26138056334226,-25.037033489901066,30.01944499790334,-43.00042793174556,-86.94168588437336,29.994341832400824,-6.898467583660739,-91.04272122968607,29.973447257205002,65.1168600220543,-91.04171026900369,29.980725358970016
138,-25.02587078762021,-25.013004839214315,30.01453556436594,40.9818044481781,-25.015394001656517,30.00459881097797,40.97986591502538,40.983377037834714,29.997839214713196,-25.0136357446021,40.98112027053546,30.00899595012929,-76.41925485256942,40.95555049784745,29.982884913207904,-77.2380893436794,-25.03874767406522,30.003482836582755,-42.98399593135403,-89.91553574774267,29.99700329058005,-9.805521758180145,-91.0390327759683,29.975275298942094,62.15190997017641,-91.04740688190982,29.96304434935832
139,-25.022790490354293,-25.006298573228104,30.013528452300175,40.983883626528765,-25.01687895441912,30.00355050629031,40.97970013582057,40.99070005038694,29.99179100160954,-25.013243159871823,40.980045748128255,30.004953041487155,-79.21842961459659,40.97797153249077,30.000388697617186,-80.13307773340426,-25.033150613267196,29.996818109315907,-44.711751586368,-91.21491376239733,30.040159734664492,-12.753574769361117,-91.03517675145653,30.002773218457193,59.24318838018668,-91.0465994862566,30.008339835757074
140,-25.031161152828467,-25.010507903643457,30.015784367315295,40.98788346422928,-25.017831964049442,30.000405842155637,40.979600726694656,40.99046872921879,30.01347018043778,-25.01931757737434,40.98418214016438,30.00794426458593,-82.00723328018293,40.97037056426647,30.00546983617803,-82.93164417659872,-25.035943846049037,30.00448855727887,-47.435167766745046,-91.10415763521772,30.00817814950171,-15.525696103410418,-91.04269574294013,30.027007213977573,56.463068808363055,-91.04464031460952,30.019295302900062
141,-25.02889690587961,-25.013039502810027,30.005626483391385,40.99231912395397,-25.01387204253303,30.011704854505044,40.98357527696279,40.99675469091911,30.014806827961234,-25.021079532803785,40.98109773242372,30.000857854975063,-85.10392040062214,40.96397204197046,30.012985031044977,-85.90562292908874,-25.036231248849322,29.99969334255345,-50.41509443727538,-91.01234029487327,29.980831889371878,-18.48021552088908,-91.03341783799144,29.995601262163788,53.41728123282065,-91.03854161201646,29.97625656758932
142,-25.02551756723897,-25.009420684318187,29.990942994127433,40.983010029779045,-25.011205608305342,30.024453163532,40.984727890775204,40.99776626437957,30.01379610970156,-25.013990087688274,40.997029219970734,29.993121273309608,-87.71302973045053,40.97310363780507,30.02590489810967,-88.68645649829172,-25.035203752983634,30.001101842616624,-52.980949036217524,-91.04026188849188,29.998071428185728,-21.139818882739853,-91.03489372727275,30.010897089224848,50.83628378985192,-91.04300359916411,30.01705117712298
143,-25.02793495537068,-25.01439641254349,29.99712359680166,40.983587755467504,-25.011275330503135,30.014161409208313,40.99073164262591,40.99251543433407,29.998048766982492,-25.017643608293085,40.987234781656284,30.003307712790154,-90.40486732475979,40.971003588201974,30.012262520202842,-90.84613917913606,-25.02227598763729,30.046031785749626,-55.97815858269557,-91.03613325396603,29.9950572088588,-24.068161075815915,-91.04097916094382,29.990495738942336,47.86859892892063,-91.04190558024246,29.995483433453604
144,-25.02058038552339,-25.008499075759566,30.00361287195583,40.98340286852603,-25.01077468567039,30.003827163731184,40.98055000265063,40.99387109992112,30.003301051241348,-25.021182027591582,40.99545853622655,30.006540887046505,-91.07019289164428,41.00173286744477,30.09069266152491,-91.0479481191119,-25.00729641424553,30.095728793607943,-58.67805231075803,-91.0305086455195,30.009380452382572,-25.074897920839582,-91.01304964843308,30.092618440306893,45.096097939757286,-91.04162434703402,30.014835372431662
145,-25.017309187075348,-25.012832632294685,29.996329102904447,40.98784842154538,-25.009148984034038,29.999340357671763,40.9866021777713,40.991445969637674,30.010925406996435,-25.016105840654383,40.9885609681302,30.011648248725137,-91.12076428331711,40.98564332805619,30.080478979587408,-91.07233579646886,-25.025861790600196,30.05829532848403,-61.703452541801724,-91.0398378105464,29.970561982564565,-25.127018517107402,-91.02171651186018,30.074292011919315,42.09177598123173,-91.03930632590098,29.977100140487405
146,-25.012464607337314,-25.00979145598591,30.000123977833862,40.98828586748065,-25.013333372158005,29.986799723103637,40.98491843541605,40.99617100794779,30.010264156506917,-25.009529145732365,40.98895484299319,30.009968329818562,-90.99859877852246,40.99026944335518,30.043142266294563,-91.03905018512975,-25.021963450235248,30.03545258843525,-64.62609291245457,-91.03221993511427,29.992032285508653,-25.006850980978275,-91.02375691395173,30.02731884539722,40.80803888558219,-91.02417658194243,30.089702813612156
147,-25.020294461858832,-25.01542557248538,29.989721982016285,40.992199252366895,-25.02326347112308,29.987807443844485,40.986787821316625,41.002417823262526,30.01439601461556,-25.016739261153628,40.99593394791389,30.02375009667959,-91.01024501874139,40.97666382362343,30.018768269074354,-91.03791298890718,-25.021658665609092,30.01824460743137,-67.45070281450802,-91.03011292282065,30.012648258599775,-25.02982124511627,-91.0276745656102,30.016388426619084,40.878768980807074,-91.01561846701647,30.08287603606718
148,-25.018400726509245,-25.013246788418595,30.003309796915225,41.00113152813886,-25.01351055045644,30.011149367579502,40.985133342722314,40.994099528993075,29.999042492811938,-25.014805549112523,40.98947120686738,30.008827685257025,-91.0214571759451,40.982906021505606,30.006600012981966,-91.02704304707052,-25.02260155786976,30.00695154068789,-70.48072169471598,-91.03334178184015,30.01362768109667,-25.0242702053483,-91.02949687685934,30.007206971615886,40.973976854888065,-91.0278486365131,30.039492088311135
149,-25.021613554393504,-25.015470584302822,30.00078492892996,40.989101484882845,-25.013428597610865,30.003623160651436,40.98870268365137,40.98904077753704,29.989382675398446,-25.010854465719454,40.99334679700287,30.00070139184868,-91.02154624018563,40.98484292265473,30.021576416618437,-91.02743732756596,-25.017422664027904,30.010126164258875,-73.34316634683748,-91.03335980217038,30.016538237983912,-25.015199319028056,-91.02399145567489,30.005907217559717,40.970037304599344,-91.02898952947406,30.01066249258914
150,-25.01329102038289,-25.000909451914257,29.994697158284293,40.99250435702432,-25.011031199560886,29.99844124832614,40.99102837568495,40.99406334553965,29.99951690002922,-25.013546633245973,40.994796749553686,30.003130878703633,-91.01490096498445,40.98135613018153,30.0074338517598,-91.03434089249053,-25.018374198572513,30.015781152927765,-76.33648182395137,-91.03004962541584,30.00760416023134,-25.025089115596657,-91.02492758220747,30.004003209058336,40.96989197712148,-91.02769427779535,30.011954289014174
151,-25.011503098648937,-25.006376086619024,29.986835015845067,40.99073891471809,-25.015480382880487,29.991500269530828,40.988622329035614,40.99148024516858,29.997625580110263,-25.01196802193672,40.98834434542577,29.990649177278033,-91.02172064365,40.98484290893443,29.99857064749274,-91.02849051073974,-25.01382660925502,30.013252634933412,-79.1888333950864,-91.02830229381536,30.005040673356042,-25.014468678292882,-91.0154649040668,30.015794197418945,40.97842250750174,-91.0199238587124,30.008211681599384
152,-25.014828724498496,-25.009918693953335,29.997946240967437,40.99334430289914,-25.00881911840828,29.984934584190704,40.98677770511672,40.993313869310846,29.995522928142975,-25.007916268008294,40.987964716168676,29.989520629974066,-91.0137851272724,40.9913274687339,29.986483388120558,-91.03508946871602,-25.011685808803087,30.00364434513572,-81.85922288829184,-91.02435390210921,30.032786956454412,-25.019607618855485,-91.02103148842743,30.016159750100204,40.976278172620944,-91.03232742256402,30.00364431180024
153,-25.010892830861206,-25.00242089692923,29.999470797896983,40.99628889753844,-25.01198377092357,29.997063728876515,40.99322604330671,40.99427406294232,29.988608598132956,-25.002296868383844,40.99067003964599,29.998826705247932,-91.01431526001738,40.98492473015788,29.998579036599427,-91.03158165916274,-25.01064977158113,30.000231638345234,-84.78552220370233,-91.0265614332644,30.01743516328203,-25.017273893396965,-91.01302240460224,30.01131847969498,40.97867317913854,-91.02180840816595,30.012932342434706
154,-25.00424583198254,-25.00062779409968,30.00006011856795,40.9984368011926,-25.001336985674488,30.00210595105225,40.99702245699423,40.998850528230854,29.989993377722598,-25.007146341573197,40.99067674154598,29.999012449936636,-91.01088652259281,40.985556687334835,29.99773781322016,-91.03145583602543,-25.012808127860662,29.997714369510586,-87.6692888051713,-91.02776781636523,29.980166868702575,-25.019004206954225,-91.01518270703795,30.008965521031108,40.98287870642098,-91.02185789207981,30.016492272535547
155,-25.007858038515387,-25.001471265463895,30.003377039004143,40.99999561370719,-25.00840141259695,30.00053733982008,40.99337411217545,40.99449407869676,29.99636706829487,-25.00924334456673,40.98880371080834,29.993911968184808,-91.0124079994666,40.991195539174505,30.004900528347004,-91.02042119903591,-25.020495396719994,29.99186503857036,-90.44777397512125,-91.03044176442519,30.00170977615313,-25.020362725415918,-91.0140837727344,29.99784870242156,40.9745673708489,-91.01030352970234,30.012917634166016
156,-25.0055523603749,-24.99994304586669,30.007906157737875,40.997784846539396,-25.005405702473,30.000806836185163,40.994947099587556,41.00112368058527,29.99842959440898,-25.008057538458925,40.98658182690595,29.996875147302212,-91.01358060144419,40.99093002596334,29.98042707634635,-91.01760456035606,-25.00506409464644,29.997858258901203,-91.1281950909746,-91.01314998107009,30.094553441895712,-25.017780707561105,-91.01045009165571,30.00055937516738,40.98015345148156,-91.01933605813495,30.003880089651265
157,-25.009126623132694,-25.00041252926704,30.00737954945902,41.00184816487776,-25.006368823730078,30.008032819323176,40.99985343342476,40.99857791991512,29.995619731570685,-25.00554071934849,40.99373752282533,29.99761543556379,-91.01047646826032,40.98584830560001,29.977287458070073,-91.02658831662298,-25.017779425204218,29.990506706123362,-91.10616647382068,-91.00454296086004,30.08831600380571,-25.015762353096306,-91.01552962163095,30.004948588758012,40.96851521766825,-91.01270799968633,29.995879395495145
158,-25.009350157117055,-24.998981430003177,30.005632101486963,41.00001994813735,-25.00063332217432,30.010078779100805,40.997178954528486,41.005378653713976,30.004939641404928,-25.003715831332745,40.99636033014628,29.991050769413473,-91.01186745233635,40.98713289844529,30.0017110104547,-91.02748940300883,-25.0129839882976,29.99423536592001,-91.01882744162224,-91.02554703394632,30.022637238453868,-25.011885601484074,-91.01421921157696,29.994224150554754,40.98025202687386,-91.02336416952627,29.995595432290518
159,-25.009159666461077,-25.001152013883477,29.993840087967083,40.99293502993282,-25.001652711528205,30.001388515286067,40.99914874762451,41.00116966114295,30.008712561227338,-25.006240430647484,40.99841312899557,30.004612766960996,-90.9995748375492,40.99581254490144,30.004528831531886,-91.02414906893358,-25.01229526296527,30.00060270570438,-91.02159214030496,-91.0281666062956,30.00574375449977,-25.01084336939213,-91.01854422829517,29.99541900498487,40.98642576057873,-91.01799420380014,30.0024768622806
